--
-- PostgreSQL database dump
--

\restrict H9J1fvemLeacjPuxoTC6AwOGRlcaNeGKfGHh1dGchVUWVMAEA8BxX34HgDeEeIj

-- Dumped from database version 18.3
-- Dumped by pg_dump version 18.3

SET statement_timeout = 0;
SET lock_timeout = 0;
SET idle_in_transaction_session_timeout = 0;
SET transaction_timeout = 0;
SET client_encoding = 'UTF8';
SET standard_conforming_strings = on;
SELECT pg_catalog.set_config('search_path', '', false);
SET check_function_bodies = false;
SET xmloption = content;
SET client_min_messages = warning;
SET row_security = off;

SET default_tablespace = '';

SET default_table_access_method = heap;

--
-- Name: auth_group; Type: TABLE; Schema: public; Owner: Yash
--

CREATE TABLE public.auth_group (
    id integer NOT NULL,
    name character varying(150) NOT NULL
);


ALTER TABLE public.auth_group OWNER TO "Yash";

--
-- Name: auth_group_id_seq; Type: SEQUENCE; Schema: public; Owner: Yash
--

ALTER TABLE public.auth_group ALTER COLUMN id ADD GENERATED BY DEFAULT AS IDENTITY (
    SEQUENCE NAME public.auth_group_id_seq
    START WITH 1
    INCREMENT BY 1
    NO MINVALUE
    NO MAXVALUE
    CACHE 1
);


--
-- Name: auth_group_permissions; Type: TABLE; Schema: public; Owner: Yash
--

CREATE TABLE public.auth_group_permissions (
    id bigint NOT NULL,
    group_id integer NOT NULL,
    permission_id integer NOT NULL
);


ALTER TABLE public.auth_group_permissions OWNER TO "Yash";

--
-- Name: auth_group_permissions_id_seq; Type: SEQUENCE; Schema: public; Owner: Yash
--

ALTER TABLE public.auth_group_permissions ALTER COLUMN id ADD GENERATED BY DEFAULT AS IDENTITY (
    SEQUENCE NAME public.auth_group_permissions_id_seq
    START WITH 1
    INCREMENT BY 1
    NO MINVALUE
    NO MAXVALUE
    CACHE 1
);


--
-- Name: auth_permission; Type: TABLE; Schema: public; Owner: Yash
--

CREATE TABLE public.auth_permission (
    id integer NOT NULL,
    name character varying(255) NOT NULL,
    content_type_id integer NOT NULL,
    codename character varying(100) NOT NULL
);


ALTER TABLE public.auth_permission OWNER TO "Yash";

--
-- Name: auth_permission_id_seq; Type: SEQUENCE; Schema: public; Owner: Yash
--

ALTER TABLE public.auth_permission ALTER COLUMN id ADD GENERATED BY DEFAULT AS IDENTITY (
    SEQUENCE NAME public.auth_permission_id_seq
    START WITH 1
    INCREMENT BY 1
    NO MINVALUE
    NO MAXVALUE
    CACHE 1
);


--
-- Name: django_admin_log; Type: TABLE; Schema: public; Owner: Yash
--

CREATE TABLE public.django_admin_log (
    id integer NOT NULL,
    action_time timestamp with time zone NOT NULL,
    object_id text,
    object_repr character varying(200) NOT NULL,
    action_flag smallint NOT NULL,
    change_message text NOT NULL,
    content_type_id integer,
    user_id bigint NOT NULL,
    CONSTRAINT django_admin_log_action_flag_check CHECK ((action_flag >= 0))
);


ALTER TABLE public.django_admin_log OWNER TO "Yash";

--
-- Name: django_admin_log_id_seq; Type: SEQUENCE; Schema: public; Owner: Yash
--

ALTER TABLE public.django_admin_log ALTER COLUMN id ADD GENERATED BY DEFAULT AS IDENTITY (
    SEQUENCE NAME public.django_admin_log_id_seq
    START WITH 1
    INCREMENT BY 1
    NO MINVALUE
    NO MAXVALUE
    CACHE 1
);


--
-- Name: django_content_type; Type: TABLE; Schema: public; Owner: Yash
--

CREATE TABLE public.django_content_type (
    id integer NOT NULL,
    app_label character varying(100) NOT NULL,
    model character varying(100) NOT NULL
);


ALTER TABLE public.django_content_type OWNER TO "Yash";

--
-- Name: django_content_type_id_seq; Type: SEQUENCE; Schema: public; Owner: Yash
--

ALTER TABLE public.django_content_type ALTER COLUMN id ADD GENERATED BY DEFAULT AS IDENTITY (
    SEQUENCE NAME public.django_content_type_id_seq
    START WITH 1
    INCREMENT BY 1
    NO MINVALUE
    NO MAXVALUE
    CACHE 1
);


--
-- Name: django_migrations; Type: TABLE; Schema: public; Owner: Yash
--

CREATE TABLE public.django_migrations (
    id bigint NOT NULL,
    app character varying(255) NOT NULL,
    name character varying(255) NOT NULL,
    applied timestamp with time zone NOT NULL
);


ALTER TABLE public.django_migrations OWNER TO "Yash";

--
-- Name: django_migrations_id_seq; Type: SEQUENCE; Schema: public; Owner: Yash
--

ALTER TABLE public.django_migrations ALTER COLUMN id ADD GENERATED BY DEFAULT AS IDENTITY (
    SEQUENCE NAME public.django_migrations_id_seq
    START WITH 1
    INCREMENT BY 1
    NO MINVALUE
    NO MAXVALUE
    CACHE 1
);


--
-- Name: django_session; Type: TABLE; Schema: public; Owner: Yash
--

CREATE TABLE public.django_session (
    session_key character varying(40) NOT NULL,
    session_data text NOT NULL,
    expire_date timestamp with time zone NOT NULL
);


ALTER TABLE public.django_session OWNER TO "Yash";

--
-- Name: hrms_announcement; Type: TABLE; Schema: public; Owner: Yash
--

CREATE TABLE public.hrms_announcement (
    id bigint NOT NULL,
    title character varying(200) NOT NULL,
    content text NOT NULL,
    created_at timestamp with time zone NOT NULL,
    is_active boolean NOT NULL,
    created_by_id bigint NOT NULL
);


ALTER TABLE public.hrms_announcement OWNER TO "Yash";

--
-- Name: hrms_announcement_id_seq; Type: SEQUENCE; Schema: public; Owner: Yash
--

ALTER TABLE public.hrms_announcement ALTER COLUMN id ADD GENERATED BY DEFAULT AS IDENTITY (
    SEQUENCE NAME public.hrms_announcement_id_seq
    START WITH 1
    INCREMENT BY 1
    NO MINVALUE
    NO MAXVALUE
    CACHE 1
);


--
-- Name: hrms_attendance; Type: TABLE; Schema: public; Owner: Yash
--

CREATE TABLE public.hrms_attendance (
    id bigint NOT NULL,
    date date NOT NULL,
    clock_in time without time zone,
    clock_out time without time zone,
    status character varying(10) NOT NULL,
    added_by character varying(5) NOT NULL,
    employee_id bigint NOT NULL
);


ALTER TABLE public.hrms_attendance OWNER TO "Yash";

--
-- Name: hrms_attendance_id_seq; Type: SEQUENCE; Schema: public; Owner: Yash
--

ALTER TABLE public.hrms_attendance ALTER COLUMN id ADD GENERATED BY DEFAULT AS IDENTITY (
    SEQUENCE NAME public.hrms_attendance_id_seq
    START WITH 1
    INCREMENT BY 1
    NO MINVALUE
    NO MAXVALUE
    CACHE 1
);


--
-- Name: hrms_department; Type: TABLE; Schema: public; Owner: Yash
--

CREATE TABLE public.hrms_department (
    id bigint NOT NULL,
    name character varying(100) NOT NULL,
    description text,
    created_at timestamp with time zone NOT NULL
);


ALTER TABLE public.hrms_department OWNER TO "Yash";

--
-- Name: hrms_department_id_seq; Type: SEQUENCE; Schema: public; Owner: Yash
--

ALTER TABLE public.hrms_department ALTER COLUMN id ADD GENERATED BY DEFAULT AS IDENTITY (
    SEQUENCE NAME public.hrms_department_id_seq
    START WITH 1
    INCREMENT BY 1
    NO MINVALUE
    NO MAXVALUE
    CACHE 1
);


--
-- Name: hrms_leave; Type: TABLE; Schema: public; Owner: Yash
--

CREATE TABLE public.hrms_leave (
    id bigint NOT NULL,
    leave_type character varying(10) NOT NULL,
    start_date date NOT NULL,
    end_date date NOT NULL,
    reason text NOT NULL,
    status character varying(10) NOT NULL,
    applied_on timestamp with time zone NOT NULL,
    reviewed_on timestamp with time zone,
    employee_id bigint NOT NULL,
    reviewed_by_id bigint
);


ALTER TABLE public.hrms_leave OWNER TO "Yash";

--
-- Name: hrms_leave_id_seq; Type: SEQUENCE; Schema: public; Owner: Yash
--

ALTER TABLE public.hrms_leave ALTER COLUMN id ADD GENERATED BY DEFAULT AS IDENTITY (
    SEQUENCE NAME public.hrms_leave_id_seq
    START WITH 1
    INCREMENT BY 1
    NO MINVALUE
    NO MAXVALUE
    CACHE 1
);


--
-- Name: hrms_payroll; Type: TABLE; Schema: public; Owner: Yash
--

CREATE TABLE public.hrms_payroll (
    id bigint NOT NULL,
    month integer NOT NULL,
    year integer NOT NULL,
    basic_salary numeric(10,2) NOT NULL,
    allowances numeric(10,2) NOT NULL,
    deductions numeric(10,2) NOT NULL,
    net_salary numeric(10,2) NOT NULL,
    status character varying(10) NOT NULL,
    payment_date date,
    employee_id bigint NOT NULL,
    generated_by_id bigint
);


ALTER TABLE public.hrms_payroll OWNER TO "Yash";

--
-- Name: hrms_payroll_id_seq; Type: SEQUENCE; Schema: public; Owner: Yash
--

ALTER TABLE public.hrms_payroll ALTER COLUMN id ADD GENERATED BY DEFAULT AS IDENTITY (
    SEQUENCE NAME public.hrms_payroll_id_seq
    START WITH 1
    INCREMENT BY 1
    NO MINVALUE
    NO MAXVALUE
    CACHE 1
);


--
-- Name: hrms_user; Type: TABLE; Schema: public; Owner: Yash
--

CREATE TABLE public.hrms_user (
    id bigint NOT NULL,
    password character varying(128) NOT NULL,
    last_login timestamp with time zone,
    is_superuser boolean NOT NULL,
    username character varying(150) NOT NULL,
    first_name character varying(150) NOT NULL,
    last_name character varying(150) NOT NULL,
    email character varying(254) NOT NULL,
    is_staff boolean NOT NULL,
    is_active boolean NOT NULL,
    date_joined date,
    address text,
    date_of_birth date,
    designation character varying(100),
    employee_id character varying(20),
    phone character varying(15),
    profile_picture character varying(100),
    role character varying(10) NOT NULL,
    status character varying(10) NOT NULL,
    department_id bigint
);


ALTER TABLE public.hrms_user OWNER TO "Yash";

--
-- Name: hrms_user_groups; Type: TABLE; Schema: public; Owner: Yash
--

CREATE TABLE public.hrms_user_groups (
    id bigint NOT NULL,
    user_id bigint NOT NULL,
    group_id integer NOT NULL
);


ALTER TABLE public.hrms_user_groups OWNER TO "Yash";

--
-- Name: hrms_user_groups_id_seq; Type: SEQUENCE; Schema: public; Owner: Yash
--

ALTER TABLE public.hrms_user_groups ALTER COLUMN id ADD GENERATED BY DEFAULT AS IDENTITY (
    SEQUENCE NAME public.hrms_user_groups_id_seq
    START WITH 1
    INCREMENT BY 1
    NO MINVALUE
    NO MAXVALUE
    CACHE 1
);


--
-- Name: hrms_user_id_seq; Type: SEQUENCE; Schema: public; Owner: Yash
--

ALTER TABLE public.hrms_user ALTER COLUMN id ADD GENERATED BY DEFAULT AS IDENTITY (
    SEQUENCE NAME public.hrms_user_id_seq
    START WITH 1
    INCREMENT BY 1
    NO MINVALUE
    NO MAXVALUE
    CACHE 1
);


--
-- Name: hrms_user_user_permissions; Type: TABLE; Schema: public; Owner: Yash
--

CREATE TABLE public.hrms_user_user_permissions (
    id bigint NOT NULL,
    user_id bigint NOT NULL,
    permission_id integer NOT NULL
);


ALTER TABLE public.hrms_user_user_permissions OWNER TO "Yash";

--
-- Name: hrms_user_user_permissions_id_seq; Type: SEQUENCE; Schema: public; Owner: Yash
--

ALTER TABLE public.hrms_user_user_permissions ALTER COLUMN id ADD GENERATED BY DEFAULT AS IDENTITY (
    SEQUENCE NAME public.hrms_user_user_permissions_id_seq
    START WITH 1
    INCREMENT BY 1
    NO MINVALUE
    NO MAXVALUE
    CACHE 1
);


--
-- Data for Name: auth_group; Type: TABLE DATA; Schema: public; Owner: Yash
--

COPY public.auth_group (id, name) FROM stdin;
\.


--
-- Data for Name: auth_group_permissions; Type: TABLE DATA; Schema: public; Owner: Yash
--

COPY public.auth_group_permissions (id, group_id, permission_id) FROM stdin;
\.


--
-- Data for Name: auth_permission; Type: TABLE DATA; Schema: public; Owner: Yash
--

COPY public.auth_permission (id, name, content_type_id, codename) FROM stdin;
1	Can add log entry	1	add_logentry
2	Can change log entry	1	change_logentry
3	Can delete log entry	1	delete_logentry
4	Can view log entry	1	view_logentry
5	Can add permission	2	add_permission
6	Can change permission	2	change_permission
7	Can delete permission	2	delete_permission
8	Can view permission	2	view_permission
9	Can add group	3	add_group
10	Can change group	3	change_group
11	Can delete group	3	delete_group
12	Can view group	3	view_group
13	Can add content type	4	add_contenttype
14	Can change content type	4	change_contenttype
15	Can delete content type	4	delete_contenttype
16	Can view content type	4	view_contenttype
17	Can add session	5	add_session
18	Can change session	5	change_session
19	Can delete session	5	delete_session
20	Can view session	5	view_session
21	Can add user	6	add_user
22	Can change user	6	change_user
23	Can delete user	6	delete_user
24	Can view user	6	view_user
25	Can add department	7	add_department
26	Can change department	7	change_department
27	Can delete department	7	delete_department
28	Can view department	7	view_department
29	Can add announcement	8	add_announcement
30	Can change announcement	8	change_announcement
31	Can delete announcement	8	delete_announcement
32	Can view announcement	8	view_announcement
33	Can add leave	9	add_leave
34	Can change leave	9	change_leave
35	Can delete leave	9	delete_leave
36	Can view leave	9	view_leave
37	Can add payroll	10	add_payroll
38	Can change payroll	10	change_payroll
39	Can delete payroll	10	delete_payroll
40	Can view payroll	10	view_payroll
41	Can add attendance	11	add_attendance
42	Can change attendance	11	change_attendance
43	Can delete attendance	11	delete_attendance
44	Can view attendance	11	view_attendance
\.


--
-- Data for Name: django_admin_log; Type: TABLE DATA; Schema: public; Owner: Yash
--

COPY public.django_admin_log (id, action_time, object_id, object_repr, action_flag, change_message, content_type_id, user_id) FROM stdin;
\.


--
-- Data for Name: django_content_type; Type: TABLE DATA; Schema: public; Owner: Yash
--

COPY public.django_content_type (id, app_label, model) FROM stdin;
1	admin	logentry
2	auth	permission
3	auth	group
4	contenttypes	contenttype
5	sessions	session
6	hrms	user
7	hrms	department
8	hrms	announcement
9	hrms	leave
10	hrms	payroll
11	hrms	attendance
\.


--
-- Data for Name: django_migrations; Type: TABLE DATA; Schema: public; Owner: Yash
--

COPY public.django_migrations (id, app, name, applied) FROM stdin;
1	contenttypes	0001_initial	2026-03-26 12:54:47.88175+05:30
2	contenttypes	0002_remove_content_type_name	2026-03-26 12:54:47.896725+05:30
3	auth	0001_initial	2026-03-26 12:54:47.954077+05:30
4	auth	0002_alter_permission_name_max_length	2026-03-26 12:54:47.962581+05:30
5	auth	0003_alter_user_email_max_length	2026-03-26 12:54:47.966453+05:30
6	auth	0004_alter_user_username_opts	2026-03-26 12:54:47.966453+05:30
7	auth	0005_alter_user_last_login_null	2026-03-26 12:54:47.97539+05:30
8	auth	0006_require_contenttypes_0002	2026-03-26 12:54:47.976934+05:30
9	auth	0007_alter_validators_add_error_messages	2026-03-26 12:54:47.981951+05:30
10	auth	0008_alter_user_username_max_length	2026-03-26 12:54:47.988909+05:30
11	auth	0009_alter_user_last_name_max_length	2026-03-26 12:54:47.992825+05:30
12	auth	0010_alter_group_name_max_length	2026-03-26 12:54:48.001014+05:30
13	auth	0011_update_proxy_permissions	2026-03-26 12:54:48.006835+05:30
14	auth	0012_alter_user_first_name_max_length	2026-03-26 12:54:48.012436+05:30
15	hrms	0001_initial	2026-03-26 12:54:48.060392+05:30
16	admin	0001_initial	2026-03-26 12:54:48.082774+05:30
17	admin	0002_logentry_remove_auto_add	2026-03-26 12:54:48.091237+05:30
18	admin	0003_logentry_add_action_flag_choices	2026-03-26 12:54:48.097729+05:30
19	sessions	0001_initial	2026-03-26 12:54:48.112101+05:30
20	hrms	0002_department_user_address_user_date_of_birth_and_more	2026-03-26 14:57:31.125042+05:30
\.


--
-- Data for Name: django_session; Type: TABLE DATA; Schema: public; Owner: Yash
--

COPY public.django_session (session_key, session_data, expire_date) FROM stdin;
\.


--
-- Data for Name: hrms_announcement; Type: TABLE DATA; Schema: public; Owner: Yash
--

COPY public.hrms_announcement (id, title, content, created_at, is_active, created_by_id) FROM stdin;
1	 holiday	Tomorrow is holiday	2026-03-26 16:33:29.773087+05:30	t	1
\.


--
-- Data for Name: hrms_attendance; Type: TABLE DATA; Schema: public; Owner: Yash
--

COPY public.hrms_attendance (id, date, clock_in, clock_out, status, added_by, employee_id) FROM stdin;
1	2026-03-26	10:37:17.781328	10:43:24.396781	present	self	2
2	2026-03-27	04:39:13.320462	05:07:11.895928	present	self	2
3	2026-03-27	05:07:47.287662	05:07:50.699555	present	self	4
4	2026-03-27	05:24:23.525518	05:26:57.347093	present	self	5
5	2026-03-27	05:28:26.214301	\N	present	self	6
\.


--
-- Data for Name: hrms_department; Type: TABLE DATA; Schema: public; Owner: Yash
--

COPY public.hrms_department (id, name, description, created_at) FROM stdin;
1	IT specialist 		2026-03-26 16:04:10.959484+05:30
2	Accountant		2026-03-27 10:29:45.784545+05:30
\.


--
-- Data for Name: hrms_leave; Type: TABLE DATA; Schema: public; Owner: Yash
--

COPY public.hrms_leave (id, leave_type, start_date, end_date, reason, status, applied_on, reviewed_on, employee_id, reviewed_by_id) FROM stdin;
1	casual	2026-03-27	2026-03-28	not feel well	approved	2026-03-26 16:08:55.24012+05:30	2026-03-26 16:09:36.050906+05:30	2	1
2	sick	2026-03-28	2026-03-29	not feel well	rejected	2026-03-27 11:05:03.60048+05:30	2026-03-27 11:05:27.200715+05:30	4	1
\.


--
-- Data for Name: hrms_payroll; Type: TABLE DATA; Schema: public; Owner: Yash
--

COPY public.hrms_payroll (id, month, year, basic_salary, allowances, deductions, net_salary, status, payment_date, employee_id, generated_by_id) FROM stdin;
1	1	2026	80000.00	2000.00	300.00	81700.00	paid	2026-03-26	2	1
\.


--
-- Data for Name: hrms_user; Type: TABLE DATA; Schema: public; Owner: Yash
--

COPY public.hrms_user (id, password, last_login, is_superuser, username, first_name, last_name, email, is_staff, is_active, date_joined, address, date_of_birth, designation, employee_id, phone, profile_picture, role, status, department_id) FROM stdin;
5	pbkdf2_sha256$1000000$iNTxJq2DJY5kkPtMjJsUHW$JDUypReqvC/pW8HmG5cMvRhsCoJBy1nSG8Dgc/NltP8=	2026-03-27 10:54:14.779441+05:30	f	ram02	Ram	R	ram@gmail.com	f	t	\N	\N	\N	SE	\N	\N		employee	approved	1
6	pbkdf2_sha256$1000000$6dgk2igU96AECKHGlpfVBp$I9M2e/DveVlsDNGgKdVuCjdVmW6waa2oFSHWW2pnbOc=	2026-03-27 10:58:23.972478+05:30	f	anurag123	anurag	S	anurag@gmail.com	f	t	\N	\N	\N	SD	\N	\N		employee	approved	1
4	pbkdf2_sha256$1000000$u6g1kB0kVXdYypyg0eFAaC$4x1invPTCCUdqQABQz4JyJfeHCyrQToEpdV7Mx55ReY=	2026-03-27 11:05:43.669645+05:30	f	Jayesh08	Jayesh	M	jayesh@gmail.com	f	t	\N	\N	\N	Accountant	\N	\N		employee	approved	2
1	pbkdf2_sha256$1000000$QHmuJ2fFZBtL5o9wN8Mgy9$I5+oOpIy2dp5Gx/14cBiGYqzpxVfDhDr9Tlj1/t/7L0=	2026-03-27 11:13:00.754941+05:30	t	admin			admin@hrms.com	t	t	\N	\N	\N	\N	\N	\N		admin	approved	\N
2	pbkdf2_sha256$1000000$oCfrEeumeJLwpbocdy7902$LWvbzqpecxy4Ymu7n8myjX11nOz78c2Bns7qEFE7S34=	2026-03-27 10:45:04.082785+05:30	f	Yash16	Yash	P	ym2p1.6@gmail.com	f	t	\N	\N	\N	Software engineer 	\N	\N		employee	approved	1
\.


--
-- Data for Name: hrms_user_groups; Type: TABLE DATA; Schema: public; Owner: Yash
--

COPY public.hrms_user_groups (id, user_id, group_id) FROM stdin;
\.


--
-- Data for Name: hrms_user_user_permissions; Type: TABLE DATA; Schema: public; Owner: Yash
--

COPY public.hrms_user_user_permissions (id, user_id, permission_id) FROM stdin;
\.


--
-- Name: auth_group_id_seq; Type: SEQUENCE SET; Schema: public; Owner: Yash
--

SELECT pg_catalog.setval('public.auth_group_id_seq', 1, false);


--
-- Name: auth_group_permissions_id_seq; Type: SEQUENCE SET; Schema: public; Owner: Yash
--

SELECT pg_catalog.setval('public.auth_group_permissions_id_seq', 1, false);


--
-- Name: auth_permission_id_seq; Type: SEQUENCE SET; Schema: public; Owner: Yash
--

SELECT pg_catalog.setval('public.auth_permission_id_seq', 44, true);


--
-- Name: django_admin_log_id_seq; Type: SEQUENCE SET; Schema: public; Owner: Yash
--

SELECT pg_catalog.setval('public.django_admin_log_id_seq', 1, false);


--
-- Name: django_content_type_id_seq; Type: SEQUENCE SET; Schema: public; Owner: Yash
--

SELECT pg_catalog.setval('public.django_content_type_id_seq', 11, true);


--
-- Name: django_migrations_id_seq; Type: SEQUENCE SET; Schema: public; Owner: Yash
--

SELECT pg_catalog.setval('public.django_migrations_id_seq', 20, true);


--
-- Name: hrms_announcement_id_seq; Type: SEQUENCE SET; Schema: public; Owner: Yash
--

SELECT pg_catalog.setval('public.hrms_announcement_id_seq', 1, true);


--
-- Name: hrms_attendance_id_seq; Type: SEQUENCE SET; Schema: public; Owner: Yash
--

SELECT pg_catalog.setval('public.hrms_attendance_id_seq', 5, true);


--
-- Name: hrms_department_id_seq; Type: SEQUENCE SET; Schema: public; Owner: Yash
--

SELECT pg_catalog.setval('public.hrms_department_id_seq', 2, true);


--
-- Name: hrms_leave_id_seq; Type: SEQUENCE SET; Schema: public; Owner: Yash
--

SELECT pg_catalog.setval('public.hrms_leave_id_seq', 2, true);


--
-- Name: hrms_payroll_id_seq; Type: SEQUENCE SET; Schema: public; Owner: Yash
--

SELECT pg_catalog.setval('public.hrms_payroll_id_seq', 1, true);


--
-- Name: hrms_user_groups_id_seq; Type: SEQUENCE SET; Schema: public; Owner: Yash
--

SELECT pg_catalog.setval('public.hrms_user_groups_id_seq', 1, false);


--
-- Name: hrms_user_id_seq; Type: SEQUENCE SET; Schema: public; Owner: Yash
--

SELECT pg_catalog.setval('public.hrms_user_id_seq', 6, true);


--
-- Name: hrms_user_user_permissions_id_seq; Type: SEQUENCE SET; Schema: public; Owner: Yash
--

SELECT pg_catalog.setval('public.hrms_user_user_permissions_id_seq', 1, false);


--
-- Name: auth_group auth_group_name_key; Type: CONSTRAINT; Schema: public; Owner: Yash
--

ALTER TABLE ONLY public.auth_group
    ADD CONSTRAINT auth_group_name_key UNIQUE (name);


--
-- Name: auth_group_permissions auth_group_permissions_group_id_permission_id_0cd325b0_uniq; Type: CONSTRAINT; Schema: public; Owner: Yash
--

ALTER TABLE ONLY public.auth_group_permissions
    ADD CONSTRAINT auth_group_permissions_group_id_permission_id_0cd325b0_uniq UNIQUE (group_id, permission_id);


--
-- Name: auth_group_permissions auth_group_permissions_pkey; Type: CONSTRAINT; Schema: public; Owner: Yash
--

ALTER TABLE ONLY public.auth_group_permissions
    ADD CONSTRAINT auth_group_permissions_pkey PRIMARY KEY (id);


--
-- Name: auth_group auth_group_pkey; Type: CONSTRAINT; Schema: public; Owner: Yash
--

ALTER TABLE ONLY public.auth_group
    ADD CONSTRAINT auth_group_pkey PRIMARY KEY (id);


--
-- Name: auth_permission auth_permission_content_type_id_codename_01ab375a_uniq; Type: CONSTRAINT; Schema: public; Owner: Yash
--

ALTER TABLE ONLY public.auth_permission
    ADD CONSTRAINT auth_permission_content_type_id_codename_01ab375a_uniq UNIQUE (content_type_id, codename);


--
-- Name: auth_permission auth_permission_pkey; Type: CONSTRAINT; Schema: public; Owner: Yash
--

ALTER TABLE ONLY public.auth_permission
    ADD CONSTRAINT auth_permission_pkey PRIMARY KEY (id);


--
-- Name: django_admin_log django_admin_log_pkey; Type: CONSTRAINT; Schema: public; Owner: Yash
--

ALTER TABLE ONLY public.django_admin_log
    ADD CONSTRAINT django_admin_log_pkey PRIMARY KEY (id);


--
-- Name: django_content_type django_content_type_app_label_model_76bd3d3b_uniq; Type: CONSTRAINT; Schema: public; Owner: Yash
--

ALTER TABLE ONLY public.django_content_type
    ADD CONSTRAINT django_content_type_app_label_model_76bd3d3b_uniq UNIQUE (app_label, model);


--
-- Name: django_content_type django_content_type_pkey; Type: CONSTRAINT; Schema: public; Owner: Yash
--

ALTER TABLE ONLY public.django_content_type
    ADD CONSTRAINT django_content_type_pkey PRIMARY KEY (id);


--
-- Name: django_migrations django_migrations_pkey; Type: CONSTRAINT; Schema: public; Owner: Yash
--

ALTER TABLE ONLY public.django_migrations
    ADD CONSTRAINT django_migrations_pkey PRIMARY KEY (id);


--
-- Name: django_session django_session_pkey; Type: CONSTRAINT; Schema: public; Owner: Yash
--

ALTER TABLE ONLY public.django_session
    ADD CONSTRAINT django_session_pkey PRIMARY KEY (session_key);


--
-- Name: hrms_announcement hrms_announcement_pkey; Type: CONSTRAINT; Schema: public; Owner: Yash
--

ALTER TABLE ONLY public.hrms_announcement
    ADD CONSTRAINT hrms_announcement_pkey PRIMARY KEY (id);


--
-- Name: hrms_attendance hrms_attendance_employee_id_date_17e58e04_uniq; Type: CONSTRAINT; Schema: public; Owner: Yash
--

ALTER TABLE ONLY public.hrms_attendance
    ADD CONSTRAINT hrms_attendance_employee_id_date_17e58e04_uniq UNIQUE (employee_id, date);


--
-- Name: hrms_attendance hrms_attendance_pkey; Type: CONSTRAINT; Schema: public; Owner: Yash
--

ALTER TABLE ONLY public.hrms_attendance
    ADD CONSTRAINT hrms_attendance_pkey PRIMARY KEY (id);


--
-- Name: hrms_department hrms_department_name_key; Type: CONSTRAINT; Schema: public; Owner: Yash
--

ALTER TABLE ONLY public.hrms_department
    ADD CONSTRAINT hrms_department_name_key UNIQUE (name);


--
-- Name: hrms_department hrms_department_pkey; Type: CONSTRAINT; Schema: public; Owner: Yash
--

ALTER TABLE ONLY public.hrms_department
    ADD CONSTRAINT hrms_department_pkey PRIMARY KEY (id);


--
-- Name: hrms_leave hrms_leave_pkey; Type: CONSTRAINT; Schema: public; Owner: Yash
--

ALTER TABLE ONLY public.hrms_leave
    ADD CONSTRAINT hrms_leave_pkey PRIMARY KEY (id);


--
-- Name: hrms_payroll hrms_payroll_pkey; Type: CONSTRAINT; Schema: public; Owner: Yash
--

ALTER TABLE ONLY public.hrms_payroll
    ADD CONSTRAINT hrms_payroll_pkey PRIMARY KEY (id);


--
-- Name: hrms_user hrms_user_employee_id_key; Type: CONSTRAINT; Schema: public; Owner: Yash
--

ALTER TABLE ONLY public.hrms_user
    ADD CONSTRAINT hrms_user_employee_id_key UNIQUE (employee_id);


--
-- Name: hrms_user_groups hrms_user_groups_pkey; Type: CONSTRAINT; Schema: public; Owner: Yash
--

ALTER TABLE ONLY public.hrms_user_groups
    ADD CONSTRAINT hrms_user_groups_pkey PRIMARY KEY (id);


--
-- Name: hrms_user_groups hrms_user_groups_user_id_group_id_517130b2_uniq; Type: CONSTRAINT; Schema: public; Owner: Yash
--

ALTER TABLE ONLY public.hrms_user_groups
    ADD CONSTRAINT hrms_user_groups_user_id_group_id_517130b2_uniq UNIQUE (user_id, group_id);


--
-- Name: hrms_user hrms_user_pkey; Type: CONSTRAINT; Schema: public; Owner: Yash
--

ALTER TABLE ONLY public.hrms_user
    ADD CONSTRAINT hrms_user_pkey PRIMARY KEY (id);


--
-- Name: hrms_user_user_permissions hrms_user_user_permissions_pkey; Type: CONSTRAINT; Schema: public; Owner: Yash
--

ALTER TABLE ONLY public.hrms_user_user_permissions
    ADD CONSTRAINT hrms_user_user_permissions_pkey PRIMARY KEY (id);


--
-- Name: hrms_user_user_permissions hrms_user_user_permissions_user_id_permission_id_05e62ccd_uniq; Type: CONSTRAINT; Schema: public; Owner: Yash
--

ALTER TABLE ONLY public.hrms_user_user_permissions
    ADD CONSTRAINT hrms_user_user_permissions_user_id_permission_id_05e62ccd_uniq UNIQUE (user_id, permission_id);


--
-- Name: hrms_user hrms_user_username_key; Type: CONSTRAINT; Schema: public; Owner: Yash
--

ALTER TABLE ONLY public.hrms_user
    ADD CONSTRAINT hrms_user_username_key UNIQUE (username);


--
-- Name: auth_group_name_a6ea08ec_like; Type: INDEX; Schema: public; Owner: Yash
--

CREATE INDEX auth_group_name_a6ea08ec_like ON public.auth_group USING btree (name varchar_pattern_ops);


--
-- Name: auth_group_permissions_group_id_b120cbf9; Type: INDEX; Schema: public; Owner: Yash
--

CREATE INDEX auth_group_permissions_group_id_b120cbf9 ON public.auth_group_permissions USING btree (group_id);


--
-- Name: auth_group_permissions_permission_id_84c5c92e; Type: INDEX; Schema: public; Owner: Yash
--

CREATE INDEX auth_group_permissions_permission_id_84c5c92e ON public.auth_group_permissions USING btree (permission_id);


--
-- Name: auth_permission_content_type_id_2f476e4b; Type: INDEX; Schema: public; Owner: Yash
--

CREATE INDEX auth_permission_content_type_id_2f476e4b ON public.auth_permission USING btree (content_type_id);


--
-- Name: django_admin_log_content_type_id_c4bce8eb; Type: INDEX; Schema: public; Owner: Yash
--

CREATE INDEX django_admin_log_content_type_id_c4bce8eb ON public.django_admin_log USING btree (content_type_id);


--
-- Name: django_admin_log_user_id_c564eba6; Type: INDEX; Schema: public; Owner: Yash
--

CREATE INDEX django_admin_log_user_id_c564eba6 ON public.django_admin_log USING btree (user_id);


--
-- Name: django_session_expire_date_a5c62663; Type: INDEX; Schema: public; Owner: Yash
--

CREATE INDEX django_session_expire_date_a5c62663 ON public.django_session USING btree (expire_date);


--
-- Name: django_session_session_key_c0390e0f_like; Type: INDEX; Schema: public; Owner: Yash
--

CREATE INDEX django_session_session_key_c0390e0f_like ON public.django_session USING btree (session_key varchar_pattern_ops);


--
-- Name: hrms_announcement_created_by_id_35aee844; Type: INDEX; Schema: public; Owner: Yash
--

CREATE INDEX hrms_announcement_created_by_id_35aee844 ON public.hrms_announcement USING btree (created_by_id);


--
-- Name: hrms_attendance_employee_id_7267496b; Type: INDEX; Schema: public; Owner: Yash
--

CREATE INDEX hrms_attendance_employee_id_7267496b ON public.hrms_attendance USING btree (employee_id);


--
-- Name: hrms_department_name_9623e364_like; Type: INDEX; Schema: public; Owner: Yash
--

CREATE INDEX hrms_department_name_9623e364_like ON public.hrms_department USING btree (name varchar_pattern_ops);


--
-- Name: hrms_leave_employee_id_be0eb626; Type: INDEX; Schema: public; Owner: Yash
--

CREATE INDEX hrms_leave_employee_id_be0eb626 ON public.hrms_leave USING btree (employee_id);


--
-- Name: hrms_leave_reviewed_by_id_95c3cbab; Type: INDEX; Schema: public; Owner: Yash
--

CREATE INDEX hrms_leave_reviewed_by_id_95c3cbab ON public.hrms_leave USING btree (reviewed_by_id);


--
-- Name: hrms_payroll_employee_id_3c4dcff2; Type: INDEX; Schema: public; Owner: Yash
--

CREATE INDEX hrms_payroll_employee_id_3c4dcff2 ON public.hrms_payroll USING btree (employee_id);


--
-- Name: hrms_payroll_generated_by_id_9bc93f58; Type: INDEX; Schema: public; Owner: Yash
--

CREATE INDEX hrms_payroll_generated_by_id_9bc93f58 ON public.hrms_payroll USING btree (generated_by_id);


--
-- Name: hrms_user_department_id_abdfa694; Type: INDEX; Schema: public; Owner: Yash
--

CREATE INDEX hrms_user_department_id_abdfa694 ON public.hrms_user USING btree (department_id);


--
-- Name: hrms_user_employee_id_c24bfdd8_like; Type: INDEX; Schema: public; Owner: Yash
--

CREATE INDEX hrms_user_employee_id_c24bfdd8_like ON public.hrms_user USING btree (employee_id varchar_pattern_ops);


--
-- Name: hrms_user_groups_group_id_86469a93; Type: INDEX; Schema: public; Owner: Yash
--

CREATE INDEX hrms_user_groups_group_id_86469a93 ON public.hrms_user_groups USING btree (group_id);


--
-- Name: hrms_user_groups_user_id_82d161d6; Type: INDEX; Schema: public; Owner: Yash
--

CREATE INDEX hrms_user_groups_user_id_82d161d6 ON public.hrms_user_groups USING btree (user_id);


--
-- Name: hrms_user_user_permissions_permission_id_3fb4deeb; Type: INDEX; Schema: public; Owner: Yash
--

CREATE INDEX hrms_user_user_permissions_permission_id_3fb4deeb ON public.hrms_user_user_permissions USING btree (permission_id);


--
-- Name: hrms_user_user_permissions_user_id_ce449165; Type: INDEX; Schema: public; Owner: Yash
--

CREATE INDEX hrms_user_user_permissions_user_id_ce449165 ON public.hrms_user_user_permissions USING btree (user_id);


--
-- Name: hrms_user_username_6613eaff_like; Type: INDEX; Schema: public; Owner: Yash
--

CREATE INDEX hrms_user_username_6613eaff_like ON public.hrms_user USING btree (username varchar_pattern_ops);


--
-- Name: auth_group_permissions auth_group_permissio_permission_id_84c5c92e_fk_auth_perm; Type: FK CONSTRAINT; Schema: public; Owner: Yash
--

ALTER TABLE ONLY public.auth_group_permissions
    ADD CONSTRAINT auth_group_permissio_permission_id_84c5c92e_fk_auth_perm FOREIGN KEY (permission_id) REFERENCES public.auth_permission(id) DEFERRABLE INITIALLY DEFERRED;


--
-- Name: auth_group_permissions auth_group_permissions_group_id_b120cbf9_fk_auth_group_id; Type: FK CONSTRAINT; Schema: public; Owner: Yash
--

ALTER TABLE ONLY public.auth_group_permissions
    ADD CONSTRAINT auth_group_permissions_group_id_b120cbf9_fk_auth_group_id FOREIGN KEY (group_id) REFERENCES public.auth_group(id) DEFERRABLE INITIALLY DEFERRED;


--
-- Name: auth_permission auth_permission_content_type_id_2f476e4b_fk_django_co; Type: FK CONSTRAINT; Schema: public; Owner: Yash
--

ALTER TABLE ONLY public.auth_permission
    ADD CONSTRAINT auth_permission_content_type_id_2f476e4b_fk_django_co FOREIGN KEY (content_type_id) REFERENCES public.django_content_type(id) DEFERRABLE INITIALLY DEFERRED;


--
-- Name: django_admin_log django_admin_log_content_type_id_c4bce8eb_fk_django_co; Type: FK CONSTRAINT; Schema: public; Owner: Yash
--

ALTER TABLE ONLY public.django_admin_log
    ADD CONSTRAINT django_admin_log_content_type_id_c4bce8eb_fk_django_co FOREIGN KEY (content_type_id) REFERENCES public.django_content_type(id) DEFERRABLE INITIALLY DEFERRED;


--
-- Name: django_admin_log django_admin_log_user_id_c564eba6_fk_hrms_user_id; Type: FK CONSTRAINT; Schema: public; Owner: Yash
--

ALTER TABLE ONLY public.django_admin_log
    ADD CONSTRAINT django_admin_log_user_id_c564eba6_fk_hrms_user_id FOREIGN KEY (user_id) REFERENCES public.hrms_user(id) DEFERRABLE INITIALLY DEFERRED;


--
-- Name: hrms_announcement hrms_announcement_created_by_id_35aee844_fk_hrms_user_id; Type: FK CONSTRAINT; Schema: public; Owner: Yash
--

ALTER TABLE ONLY public.hrms_announcement
    ADD CONSTRAINT hrms_announcement_created_by_id_35aee844_fk_hrms_user_id FOREIGN KEY (created_by_id) REFERENCES public.hrms_user(id) DEFERRABLE INITIALLY DEFERRED;


--
-- Name: hrms_attendance hrms_attendance_employee_id_7267496b_fk_hrms_user_id; Type: FK CONSTRAINT; Schema: public; Owner: Yash
--

ALTER TABLE ONLY public.hrms_attendance
    ADD CONSTRAINT hrms_attendance_employee_id_7267496b_fk_hrms_user_id FOREIGN KEY (employee_id) REFERENCES public.hrms_user(id) DEFERRABLE INITIALLY DEFERRED;


--
-- Name: hrms_leave hrms_leave_employee_id_be0eb626_fk_hrms_user_id; Type: FK CONSTRAINT; Schema: public; Owner: Yash
--

ALTER TABLE ONLY public.hrms_leave
    ADD CONSTRAINT hrms_leave_employee_id_be0eb626_fk_hrms_user_id FOREIGN KEY (employee_id) REFERENCES public.hrms_user(id) DEFERRABLE INITIALLY DEFERRED;


--
-- Name: hrms_leave hrms_leave_reviewed_by_id_95c3cbab_fk_hrms_user_id; Type: FK CONSTRAINT; Schema: public; Owner: Yash
--

ALTER TABLE ONLY public.hrms_leave
    ADD CONSTRAINT hrms_leave_reviewed_by_id_95c3cbab_fk_hrms_user_id FOREIGN KEY (reviewed_by_id) REFERENCES public.hrms_user(id) DEFERRABLE INITIALLY DEFERRED;


--
-- Name: hrms_payroll hrms_payroll_employee_id_3c4dcff2_fk_hrms_user_id; Type: FK CONSTRAINT; Schema: public; Owner: Yash
--

ALTER TABLE ONLY public.hrms_payroll
    ADD CONSTRAINT hrms_payroll_employee_id_3c4dcff2_fk_hrms_user_id FOREIGN KEY (employee_id) REFERENCES public.hrms_user(id) DEFERRABLE INITIALLY DEFERRED;


--
-- Name: hrms_payroll hrms_payroll_generated_by_id_9bc93f58_fk_hrms_user_id; Type: FK CONSTRAINT; Schema: public; Owner: Yash
--

ALTER TABLE ONLY public.hrms_payroll
    ADD CONSTRAINT hrms_payroll_generated_by_id_9bc93f58_fk_hrms_user_id FOREIGN KEY (generated_by_id) REFERENCES public.hrms_user(id) DEFERRABLE INITIALLY DEFERRED;


--
-- Name: hrms_user hrms_user_department_id_abdfa694_fk_hrms_department_id; Type: FK CONSTRAINT; Schema: public; Owner: Yash
--

ALTER TABLE ONLY public.hrms_user
    ADD CONSTRAINT hrms_user_department_id_abdfa694_fk_hrms_department_id FOREIGN KEY (department_id) REFERENCES public.hrms_department(id) DEFERRABLE INITIALLY DEFERRED;


--
-- Name: hrms_user_groups hrms_user_groups_group_id_86469a93_fk_auth_group_id; Type: FK CONSTRAINT; Schema: public; Owner: Yash
--

ALTER TABLE ONLY public.hrms_user_groups
    ADD CONSTRAINT hrms_user_groups_group_id_86469a93_fk_auth_group_id FOREIGN KEY (group_id) REFERENCES public.auth_group(id) DEFERRABLE INITIALLY DEFERRED;


--
-- Name: hrms_user_groups hrms_user_groups_user_id_82d161d6_fk_hrms_user_id; Type: FK CONSTRAINT; Schema: public; Owner: Yash
--

ALTER TABLE ONLY public.hrms_user_groups
    ADD CONSTRAINT hrms_user_groups_user_id_82d161d6_fk_hrms_user_id FOREIGN KEY (user_id) REFERENCES public.hrms_user(id) DEFERRABLE INITIALLY DEFERRED;


--
-- Name: hrms_user_user_permissions hrms_user_user_permi_permission_id_3fb4deeb_fk_auth_perm; Type: FK CONSTRAINT; Schema: public; Owner: Yash
--

ALTER TABLE ONLY public.hrms_user_user_permissions
    ADD CONSTRAINT hrms_user_user_permi_permission_id_3fb4deeb_fk_auth_perm FOREIGN KEY (permission_id) REFERENCES public.auth_permission(id) DEFERRABLE INITIALLY DEFERRED;


--
-- Name: hrms_user_user_permissions hrms_user_user_permissions_user_id_ce449165_fk_hrms_user_id; Type: FK CONSTRAINT; Schema: public; Owner: Yash
--

ALTER TABLE ONLY public.hrms_user_user_permissions
    ADD CONSTRAINT hrms_user_user_permissions_user_id_ce449165_fk_hrms_user_id FOREIGN KEY (user_id) REFERENCES public.hrms_user(id) DEFERRABLE INITIALLY DEFERRED;


--
-- PostgreSQL database dump complete
--

\unrestrict H9J1fvemLeacjPuxoTC6AwOGRlcaNeGKfGHh1dGchVUWVMAEA8BxX34HgDeEeIj

